timestamp,evento,latencia_ms,espera_cola_ms
2026-06-03 20:30:00.000000,HIT,4.293639592314174,47.84764912027578
2026-06-03 20:30:00.080000,HIT,4.362501479430664,49.9963356634356
2026-06-03 20:30:00.160000,HIT,5.285486468510117,48.930136625820474
2026-06-03 20:30:00.240000,HIT,4.3900352654696535,41.61783886702082
2026-06-03 20:30:00.320000,HIT,3.524364244555434,24.14258676225898
2026-06-03 20:30:00.400000,HIT,4.367362044558396,33.779497921165046
2026-06-03 20:30:00.480000,HIT,4.134704323981966,16.858994075379986
2026-06-03 20:30:00.560000,HIT,5.2821482748364055,13.893380380465118
2026-06-03 20:30:00.640000,HIT,3.273432227388839,33.374782450474164
2026-06-03 20:30:00.720000,HIT,3.1884229434443023,24.681472543947322
2026-06-03 20:30:00.800000,HIT,3.524922258079013,24.679186401598095
2026-06-03 20:30:00.880000,HIT,4.773901952492916,15.645533186473317
2026-06-03 20:30:00.960000,HIT,3.1061426558564733,20.256303078519995
2026-06-03 20:30:01.040000,HIT,4.897380738511703,36.34849540922704
2026-06-03 20:30:01.120000,HIT,4.946832162539058,28.721096813662697
2026-06-03 20:30:01.200000,HIT,4.290295213475689,36.05212717101091
2026-06-03 20:30:01.280000,HIT,3.7239754765079134,25.177463909882093
2026-06-03 20:30:01.360000,HIT,3.6571974275135255,32.571830459264675
2026-06-03 20:30:01.440000,HIT,4.666213421260555,49.957593892327054
2026-06-03 20:30:01.520000,HIT,5.124142630573253,26.880475025973013
2026-06-03 20:30:01.600000,HIT,3.6929807606722815,32.99839688338744
2026-06-03 20:30:01.680000,HIT,3.2057160562115685,10.82219612041094
2026-06-03 20:30:01.760000,HIT,4.652132253220131,45.10066558338841
2026-06-03 20:30:01.840000,HIT,4.817746249322041,43.4766701887317
2026-06-03 20:30:01.920000,HIT,4.815519862336188,37.07257200882954
2026-06-03 20:30:02.000000,HIT,5.226001458382406,15.36010414044894
2026-06-03 20:30:02.080000,HIT,4.554692888674224,41.108837928020975
2026-06-03 20:30:02.160000,HIT,5.1768873924809125,47.32470913381717
2026-06-03 20:30:02.240000,HIT,3.009289372666784,23.171895545136188
2026-06-03 20:30:02.320000,HIT,4.3213007789609605,11.190519011323484
2026-06-03 20:30:02.400000,HIT,5.7524042488793725,46.45608830258635
2026-06-03 20:30:02.480000,HIT,5.789630193867994,14.749419740479826
2026-06-03 20:30:02.560000,HIT,4.013442380411516,49.91654861852669
2026-06-03 20:30:02.640000,HIT,4.576220637527258,41.164830051429746
2026-06-03 20:30:02.720000,HIT,5.272200010646071,35.34294213025824
2026-06-03 20:30:02.800000,HIT,3.1271423527240145,48.82132697993867
2026-06-03 20:30:02.880000,HIT,5.234145722554075,22.32992281824087
2026-06-03 20:30:02.960000,HIT,4.325512720183186,10.375170337885834
2026-06-03 20:30:03.040000,HIT,4.421089454783338,41.0682313164245
2026-06-03 20:30:03.120000,HIT,5.229981487150326,19.02542757280406
2026-06-03 20:30:03.200000,HIT,5.5528705675605625,38.79786045708812
2026-06-03 20:30:03.280000,HIT,4.828185637549912,28.189213704587978
2026-06-03 20:30:03.360000,HIT,3.2641114677597325,36.74478839967044
2026-06-03 20:30:03.440000,HIT,5.989731781076269,37.55362133216751
2026-06-03 20:30:03.520000,HIT,3.340240906729882,33.40151319125975
2026-06-03 20:30:03.600000,HIT,3.5839338223265917,46.93995713873442
2026-06-03 20:30:03.680000,HIT,4.548634617503933,32.75555293329954
2026-06-03 20:30:03.760000,HIT,5.305149774615106,43.846237225459134
2026-06-03 20:30:03.840000,HIT,3.0469532064061307,33.37306057132754
2026-06-03 20:30:03.920000,HIT,4.763624228501988,20.786038552456123
2026-06-03 20:30:04.000000,HIT,5.719363050121373,14.373110353867368
2026-06-03 20:30:04.080000,HIT,3.2203977039164347,29.09352107618877
2026-06-03 20:30:04.160000,HIT,5.329725771578286,47.87388121209514
2026-06-03 20:30:04.240000,HIT,4.577916740219312,42.44453935488966
2026-06-03 20:30:04.320000,HIT,4.963558702295901,35.17873009841577
2026-06-03 20:30:04.400000,HIT,4.5245475743627015,23.589639746504027
2026-06-03 20:30:04.480000,HIT,4.879395173969223,49.494964309710554
2026-06-03 20:30:04.560000,HIT,3.1536898487576353,29.524145266018
2026-06-03 20:30:04.640000,HIT,5.108243762029275,25.757547926666568
2026-06-03 20:30:04.720000,HIT,5.304367439729095,16.998084210729708
2026-06-03 20:30:04.800000,HIT,4.34000952983385,41.73427308662289
2026-06-03 20:30:04.880000,HIT,5.392173717797153,40.430153964059805
2026-06-03 20:30:04.960000,HIT,5.5480927438495895,10.815090210712107
2026-06-03 20:30:05.040000,HIT,3.124692970989422,34.159775030516
2026-06-03 20:30:05.120000,HIT,5.928002488047227,15.350831357982667
2026-06-03 20:30:05.200000,HIT,5.87163856680979,49.09526254543919
2026-06-03 20:30:05.280000,HIT,4.022148767688929,34.83624013497435
2026-06-03 20:30:05.360000,HIT,5.054009021164513,30.894909198858468
2026-06-03 20:30:05.440000,HIT,5.341360306522585,24.991704392247218
2026-06-03 20:30:05.520000,HIT,5.651665717163276,16.92842948431819
2026-06-03 20:30:05.600000,HIT,3.1087546462401114,24.353354592684994
2026-06-03 20:30:05.680000,HIT,5.191435532517809,26.674596451156127
2026-06-03 20:30:05.760000,HIT,4.375794759588375,15.7690417917051
2026-06-03 20:30:05.840000,HIT,5.678437646997248,36.28763101306748
2026-06-03 20:30:05.920000,HIT,3.9772866804363787,21.12446446664999
2026-06-03 20:30:06.000000,HIT,3.7894073307512532,43.58168247694581
2026-06-03 20:30:06.080000,HIT,3.3631316359893404,12.82548724536985
2026-06-03 20:30:06.160000,HIT,5.161431659047446,30.146843245617717
2026-06-03 20:30:06.240000,HIT,3.512767380989962,26.100150053356018
2026-06-03 20:30:06.320000,HIT,5.158211596329795,40.82145319583826
2026-06-03 20:30:06.400000,HIT,3.591260229448493,35.500073774703
2026-06-03 20:30:06.480000,HIT,4.147234187175746,20.433227673059783
2026-06-03 20:30:06.560000,HIT,3.562272330964515,36.251804015231194
2026-06-03 20:30:06.640000,HIT,4.532227925945428,27.768190012576813
2026-06-03 20:30:06.720000,HIT,3.4998187627480344,12.317305127298429
2026-06-03 20:30:06.800000,HIT,4.519540210966749,20.514861854098697
2026-06-03 20:30:06.880000,HIT,4.614827073829068,43.61427692994472
2026-06-03 20:30:06.960000,HIT,4.714640068218722,15.532962882077657
2026-06-03 20:30:07.040000,HIT,5.32437123673332,25.51403480439768
2026-06-03 20:30:07.120000,HIT,4.346106862777354,27.04036632277041
2026-06-03 20:30:07.200000,HIT,5.75347827008089,10.914502190425516
2026-06-03 20:30:07.280000,HIT,5.749881789552125,10.994860931136966
2026-06-03 20:30:07.360000,HIT,4.493211251084299,43.68028385700944
2026-06-03 20:30:07.440000,HIT,4.81842018273082,47.69371287071736
2026-06-03 20:30:07.520000,HIT,5.036059648889671,26.310922945834033
2026-06-03 20:30:07.600000,HIT,3.870751840535558,15.346291973402355
2026-06-03 20:30:07.680000,HIT,4.132637352319644,48.55825342694437
2026-06-03 20:30:07.760000,HIT,3.53647269788233,43.073104820818116
2026-06-03 20:30:07.840000,HIT,5.366642841807368,27.443365317630185
2026-06-03 20:30:07.920000,HIT,5.1696249127554825,40.48725839709662
2026-06-03 20:30:08.000000,HIT,3.4236509752971145,21.06140716045003
2026-06-03 20:30:08.080000,HIT,4.404706048334572,14.417172847939641
2026-06-03 20:30:08.160000,HIT,4.182352060284764,47.22854380076785
2026-06-03 20:30:08.240000,HIT,4.357249571623816,12.276746905292821
2026-06-03 20:30:08.320000,HIT,4.771770276868792,47.25324579578284
2026-06-03 20:30:08.400000,HIT,4.58021914561407,32.70263621506628
2026-06-03 20:30:08.480000,HIT,5.622185944581858,28.862362836993988
2026-06-03 20:30:08.560000,HIT,3.90550685947409,44.569094565754476
2026-06-03 20:30:08.640000,HIT,4.76964837606686,32.5676361948506
2026-06-03 20:30:08.720000,HIT,3.375035886754101,21.115274946169297
2026-06-03 20:30:08.800000,HIT,5.220631873001203,23.876939385035577
2026-06-03 20:30:08.880000,HIT,5.845605107418585,26.05973228354399
2026-06-03 20:30:08.960000,HIT,3.717216691067468,22.366268489292903
2026-06-03 20:30:09.040000,HIT,3.5594127015525316,11.875840253834994
2026-06-03 20:30:09.120000,HIT,4.901605325728275,44.47126684712201
2026-06-03 20:30:09.200000,HIT,5.66695756895289,26.467289925851038
2026-06-03 20:30:09.280000,HIT,4.905379485112695,29.16820222665995
2026-06-03 20:30:09.360000,HIT,3.295354619503298,41.88728593757181
2026-06-03 20:30:09.440000,HIT,4.581951026435102,21.227437127164674
2026-06-03 20:30:09.520000,HIT,3.4584648939607394,18.6751561566044
2026-06-03 20:30:09.600000,HIT,3.993063609808424,26.654561585938033
2026-06-03 20:30:09.680000,HIT,5.8409061023667395,18.46024949089058
2026-06-03 20:30:09.760000,HIT,3.1409706420993486,34.850413723535354
2026-06-03 20:30:09.840000,HIT,5.6606045969047205,12.813355706773986
2026-06-03 20:30:09.920000,HIT,5.317405427816408,30.59353691630676
2026-06-03 20:30:10.000000,HIT,4.770897615231656,11.336667849119774
2026-06-03 20:30:10.080000,HIT,3.8442557012253857,39.16244447624015
2026-06-03 20:30:10.160000,HIT,4.69508550678479,11.759270137532173
2026-06-03 20:30:10.240000,HIT,3.445067394800417,33.31602829402756
2026-06-03 20:30:10.320000,HIT,4.836743025251078,38.22690716597182
2026-06-03 20:30:10.400000,HIT,4.882873424130528,19.307029019422025
2026-06-03 20:30:10.480000,HIT,3.71912529865368,25.225849123035644
2026-06-03 20:30:10.560000,HIT,5.9528461020823045,13.501671584180578
2026-06-03 20:30:10.640000,HIT,5.487378593584737,14.671896316816259
2026-06-03 20:30:10.720000,HIT,3.981051570031078,12.939702222006977
2026-06-03 20:30:10.800000,HIT,3.2396299180874055,46.554577761088375
2026-06-03 20:30:10.880000,HIT,3.6255977258632957,37.4808348245191
2026-06-03 20:30:10.960000,HIT,5.342938569318268,31.267820513581903
2026-06-03 20:30:11.040000,HIT,5.117309900077305,36.41193848982141
2026-06-03 20:30:11.120000,HIT,4.7667825710517615,41.846090261237016
2026-06-03 20:30:11.200000,HIT,5.403380144092582,28.47702061589905
2026-06-03 20:30:11.280000,HIT,3.6510247365235853,49.46197292712022
2026-06-03 20:30:11.360000,HIT,3.725593645664369,45.20680503190381
2026-06-03 20:30:11.440000,HIT,3.308153090096309,20.231841911448726
2026-06-03 20:30:11.520000,HIT,5.3495175998464015,35.05686644042824
2026-06-03 20:30:11.600000,HIT,3.8927668556626105,46.062952837082236
2026-06-03 20:30:11.680000,HIT,5.143151070326291,38.776890919148215
2026-06-03 20:30:11.760000,HIT,4.045149201008149,23.950727333688086
2026-06-03 20:30:11.840000,HIT,3.4083368853044838,13.680518972165384
2026-06-03 20:30:11.920000,HIT,3.8887159511316436,37.67813974274509
2026-06-03 20:30:12.000000,RETRY,0.0,0.0
2026-06-03 20:30:12.080000,RETRY,0.0,0.0
2026-06-03 20:30:12.160000,RETRY,0.0,0.0
2026-06-03 20:30:12.240000,RETRY,0.0,0.0
2026-06-03 20:30:12.320000,RETRY,0.0,0.0
2026-06-03 20:30:12.400000,RETRY,0.0,0.0
2026-06-03 20:30:12.480000,RETRY,0.0,0.0
2026-06-03 20:30:12.560000,RETRY,0.0,0.0
2026-06-03 20:30:12.640000,RETRY,0.0,0.0
2026-06-03 20:30:12.720000,RETRY,0.0,0.0
2026-06-03 20:30:12.800000,RETRY,0.0,0.0
2026-06-03 20:30:12.880000,RETRY,0.0,0.0
2026-06-03 20:30:12.960000,RETRY,0.0,0.0
2026-06-03 20:30:13.040000,RETRY,0.0,0.0
2026-06-03 20:30:13.120000,RETRY,0.0,0.0
2026-06-03 20:30:13.200000,RETRY,0.0,0.0
2026-06-03 20:30:13.280000,RETRY,0.0,0.0
2026-06-03 20:30:13.360000,RETRY,0.0,0.0
2026-06-03 20:30:13.440000,RETRY,0.0,0.0
2026-06-03 20:30:13.520000,RETRY,0.0,0.0
2026-06-03 20:30:13.600000,RETRY,0.0,0.0
2026-06-03 20:30:13.680000,RETRY,0.0,0.0
2026-06-03 20:30:13.760000,RETRY,0.0,0.0
2026-06-03 20:30:13.840000,RETRY,0.0,0.0
2026-06-03 20:30:13.920000,RETRY,0.0,0.0
2026-06-03 20:30:14.000000,RETRY,0.0,0.0
2026-06-03 20:30:14.080000,RETRY,0.0,0.0
2026-06-03 20:30:14.160000,RETRY,0.0,0.0
2026-06-03 20:30:14.240000,RETRY,0.0,0.0
2026-06-03 20:30:14.320000,RETRY,0.0,0.0
2026-06-03 20:30:14.400000,RETRY,0.0,0.0
2026-06-03 20:30:14.480000,RETRY,0.0,0.0
2026-06-03 20:30:14.560000,RETRY,0.0,0.0
2026-06-03 20:30:14.640000,RETRY,0.0,0.0
2026-06-03 20:30:14.720000,RETRY,0.0,0.0
2026-06-03 20:30:14.800000,RETRY,0.0,0.0
2026-06-03 20:30:14.880000,RETRY,0.0,0.0
2026-06-03 20:30:14.960000,RETRY,0.0,0.0
2026-06-03 20:30:15.040000,RETRY,0.0,0.0
2026-06-03 20:30:15.120000,RETRY,0.0,0.0
2026-06-03 20:30:15.200000,RETRY,0.0,0.0
2026-06-03 20:30:15.280000,RETRY,0.0,0.0
2026-06-03 20:30:15.360000,RETRY,0.0,0.0
2026-06-03 20:30:15.440000,RETRY,0.0,0.0
2026-06-03 20:30:15.520000,RETRY,0.0,0.0
2026-06-03 20:30:15.600000,RETRY,0.0,0.0
2026-06-03 20:30:15.680000,RETRY,0.0,0.0
2026-06-03 20:30:15.760000,RETRY,0.0,0.0
2026-06-03 20:30:15.840000,RETRY,0.0,0.0
2026-06-03 20:30:15.920000,RETRY,0.0,0.0
2026-06-03 20:30:16.000000,RETRY,0.0,0.0
2026-06-03 20:30:16.080000,RETRY,0.0,0.0
2026-06-03 20:30:16.160000,RETRY,0.0,0.0
2026-06-03 20:30:16.240000,RETRY,0.0,0.0
2026-06-03 20:30:16.320000,RETRY,0.0,0.0
2026-06-03 20:30:16.400000,RETRY,0.0,0.0
2026-06-03 20:30:16.480000,RETRY,0.0,0.0
2026-06-03 20:30:16.560000,RETRY,0.0,0.0
2026-06-03 20:30:16.640000,RETRY,0.0,0.0
2026-06-03 20:30:16.720000,RETRY,0.0,0.0
2026-06-03 20:30:16.800000,RETRY,0.0,0.0
2026-06-03 20:30:16.880000,RETRY,0.0,0.0
2026-06-03 20:30:16.960000,RETRY,0.0,0.0
2026-06-03 20:30:17.040000,RETRY,0.0,0.0
2026-06-03 20:30:17.120000,RETRY,0.0,0.0
2026-06-03 20:30:17.200000,RETRY,0.0,0.0
2026-06-03 20:30:17.280000,RETRY,0.0,0.0
2026-06-03 20:30:17.360000,RETRY,0.0,0.0
2026-06-03 20:30:17.440000,RETRY,0.0,0.0
2026-06-03 20:30:17.520000,RETRY,0.0,0.0
2026-06-03 20:30:17.600000,RETRY,0.0,0.0
2026-06-03 20:30:17.680000,RETRY,0.0,0.0
2026-06-03 20:30:17.760000,RETRY,0.0,0.0
2026-06-03 20:30:17.840000,RETRY,0.0,0.0
2026-06-03 20:30:17.920000,RETRY,0.0,0.0
2026-06-03 20:30:18.000000,RETRY,0.0,0.0
2026-06-03 20:30:18.080000,RETRY,0.0,0.0
2026-06-03 20:30:18.160000,RETRY,0.0,0.0
2026-06-03 20:30:18.240000,RETRY,0.0,0.0
2026-06-03 20:30:18.320000,RETRY,0.0,0.0
2026-06-03 20:30:18.400000,RETRY,0.0,0.0
2026-06-03 20:30:18.480000,RETRY,0.0,0.0
2026-06-03 20:30:18.560000,RETRY,0.0,0.0
2026-06-03 20:30:18.640000,RETRY,0.0,0.0
2026-06-03 20:30:18.720000,RETRY,0.0,0.0
2026-06-03 20:30:18.800000,RETRY,0.0,0.0
2026-06-03 20:30:18.880000,RETRY,0.0,0.0
2026-06-03 20:30:18.960000,RETRY,0.0,0.0
2026-06-03 20:30:19.040000,RETRY,0.0,0.0
2026-06-03 20:30:19.120000,RETRY,0.0,0.0
2026-06-03 20:30:19.200000,RETRY,0.0,0.0
2026-06-03 20:30:19.280000,RETRY,0.0,0.0
2026-06-03 20:30:19.360000,RETRY,0.0,0.0
2026-06-03 20:30:19.440000,RETRY,0.0,0.0
2026-06-03 20:30:19.520000,RETRY,0.0,0.0
2026-06-03 20:30:19.600000,RETRY,0.0,0.0
2026-06-03 20:30:19.680000,RETRY,0.0,0.0
2026-06-03 20:30:19.760000,RETRY,0.0,0.0
2026-06-03 20:30:19.840000,RETRY,0.0,0.0
2026-06-03 20:30:19.920000,RETRY,0.0,0.0
2026-06-03 20:30:20.000000,RETRY,0.0,0.0
2026-06-03 20:30:20.080000,RETRY,0.0,0.0
2026-06-03 20:30:20.160000,RETRY,0.0,0.0
2026-06-03 20:30:20.240000,RETRY,0.0,0.0
2026-06-03 20:30:20.320000,RETRY,0.0,0.0
2026-06-03 20:30:20.400000,RETRY,0.0,0.0
2026-06-03 20:30:20.480000,RETRY,0.0,0.0
2026-06-03 20:30:20.560000,RETRY,0.0,0.0
2026-06-03 20:30:20.640000,RETRY,0.0,0.0
2026-06-03 20:30:20.720000,RETRY,0.0,0.0
2026-06-03 20:30:20.800000,RETRY,0.0,0.0
2026-06-03 20:30:20.880000,RETRY,0.0,0.0
2026-06-03 20:30:20.960000,RETRY,0.0,0.0
2026-06-03 20:30:21.040000,RETRY,0.0,0.0
2026-06-03 20:30:21.120000,RETRY,0.0,0.0
2026-06-03 20:30:21.200000,RETRY,0.0,0.0
2026-06-03 20:30:21.280000,RETRY,0.0,0.0
2026-06-03 20:30:21.360000,RETRY,0.0,0.0
2026-06-03 20:30:21.440000,RETRY,0.0,0.0
2026-06-03 20:30:21.520000,RETRY,0.0,0.0
2026-06-03 20:30:21.600000,RETRY,0.0,0.0
2026-06-03 20:30:21.680000,RETRY,0.0,0.0
2026-06-03 20:30:21.760000,RETRY,0.0,0.0
2026-06-03 20:30:21.840000,RETRY,0.0,0.0
2026-06-03 20:30:21.920000,RETRY,0.0,0.0
2026-06-03 20:30:22.000000,RETRY,0.0,0.0
2026-06-03 20:30:22.080000,RETRY,0.0,0.0
2026-06-03 20:30:22.160000,RETRY,0.0,0.0
2026-06-03 20:30:22.240000,RETRY,0.0,0.0
2026-06-03 20:30:22.320000,RETRY,0.0,0.0
2026-06-03 20:30:22.400000,RETRY,0.0,0.0
2026-06-03 20:30:22.480000,RETRY,0.0,0.0
2026-06-03 20:30:22.560000,RETRY,0.0,0.0
2026-06-03 20:30:22.640000,RETRY,0.0,0.0
2026-06-03 20:30:22.720000,RETRY,0.0,0.0
2026-06-03 20:30:22.800000,RETRY,0.0,0.0
2026-06-03 20:30:22.880000,RETRY,0.0,0.0
2026-06-03 20:30:22.960000,RETRY,0.0,0.0
2026-06-03 20:30:23.040000,RETRY,0.0,0.0
2026-06-03 20:30:23.120000,RETRY,0.0,0.0
2026-06-03 20:30:23.200000,RETRY,0.0,0.0
2026-06-03 20:30:23.280000,RETRY,0.0,0.0
2026-06-03 20:30:23.360000,RETRY,0.0,0.0
2026-06-03 20:30:23.440000,RETRY,0.0,0.0
2026-06-03 20:30:23.520000,RETRY,0.0,0.0
2026-06-03 20:30:23.600000,RETRY,0.0,0.0
2026-06-03 20:30:23.680000,RETRY,0.0,0.0
2026-06-03 20:30:23.760000,RETRY,0.0,0.0
2026-06-03 20:30:23.840000,RETRY,0.0,0.0
2026-06-03 20:30:23.920000,RETRY,0.0,0.0
2026-06-03 20:30:24.000000,RETRY,0.0,0.0
2026-06-03 20:30:24.080000,RETRY,0.0,0.0
2026-06-03 20:30:24.160000,RETRY,0.0,0.0
2026-06-03 20:30:24.240000,RETRY,0.0,0.0
2026-06-03 20:30:24.320000,RETRY,0.0,0.0
2026-06-03 20:30:24.400000,RETRY,0.0,0.0
2026-06-03 20:30:24.480000,RETRY,0.0,0.0
2026-06-03 20:30:24.560000,RETRY,0.0,0.0
2026-06-03 20:30:24.640000,RETRY,0.0,0.0
2026-06-03 20:30:24.720000,RETRY,0.0,0.0
2026-06-03 20:30:24.800000,RETRY,0.0,0.0
2026-06-03 20:30:24.880000,RETRY,0.0,0.0
2026-06-03 20:30:24.960000,RETRY,0.0,0.0
2026-06-03 20:30:25.040000,RETRY,0.0,0.0
2026-06-03 20:30:25.120000,RETRY,0.0,0.0
2026-06-03 20:30:25.200000,RETRY,0.0,0.0
2026-06-03 20:30:25.280000,RETRY,0.0,0.0
2026-06-03 20:30:25.360000,RETRY,0.0,0.0
2026-06-03 20:30:25.440000,RETRY,0.0,0.0
2026-06-03 20:30:25.520000,RETRY,0.0,0.0
2026-06-03 20:30:25.600000,RETRY,0.0,0.0
2026-06-03 20:30:25.680000,RETRY,0.0,0.0
2026-06-03 20:30:25.760000,RETRY,0.0,0.0
2026-06-03 20:30:25.840000,RETRY,0.0,0.0
2026-06-03 20:30:25.920000,RETRY,0.0,0.0
2026-06-03 20:30:26.000000,RETRY,0.0,0.0
2026-06-03 20:30:26.080000,RETRY,0.0,0.0
2026-06-03 20:30:26.160000,RETRY,0.0,0.0
2026-06-03 20:30:26.240000,RETRY,0.0,0.0
2026-06-03 20:30:26.320000,RETRY,0.0,0.0
2026-06-03 20:30:26.400000,RETRY,0.0,0.0
2026-06-03 20:30:26.480000,RETRY,0.0,0.0
2026-06-03 20:30:26.560000,RETRY,0.0,0.0
2026-06-03 20:30:26.640000,RETRY,0.0,0.0
2026-06-03 20:30:26.720000,RETRY,0.0,0.0
2026-06-03 20:30:26.800000,RETRY,0.0,0.0
2026-06-03 20:30:26.880000,RETRY,0.0,0.0
2026-06-03 20:30:26.960000,RETRY,0.0,0.0
2026-06-03 20:30:27.040000,RETRY,0.0,0.0
2026-06-03 20:30:27.120000,RETRY,0.0,0.0
2026-06-03 20:30:27.200000,RETRY,0.0,0.0
2026-06-03 20:30:27.280000,RETRY,0.0,0.0
2026-06-03 20:30:27.360000,RETRY,0.0,0.0
2026-06-03 20:30:27.440000,RETRY,0.0,0.0
2026-06-03 20:30:27.520000,RETRY,0.0,0.0
2026-06-03 20:30:27.600000,RETRY,0.0,0.0
2026-06-03 20:30:27.680000,RETRY,0.0,0.0
2026-06-03 20:30:27.760000,RETRY,0.0,0.0
2026-06-03 20:30:27.840000,RETRY,0.0,0.0
2026-06-03 20:30:27.920000,RETRY,0.0,0.0
2026-06-03 20:30:28.000000,RETRY,0.0,0.0
2026-06-03 20:30:28.080000,DLQ,0.0,0.0
2026-06-03 20:30:28.160000,DLQ,0.0,0.0
2026-06-03 20:30:28.240000,DLQ,0.0,0.0
2026-06-03 20:30:28.320000,DLQ,0.0,0.0
2026-06-03 20:30:28.400000,DLQ,0.0,0.0
2026-06-03 20:30:28.480000,DLQ,0.0,0.0
2026-06-03 20:30:28.560000,DLQ,0.0,0.0
2026-06-03 20:30:28.640000,DLQ,0.0,0.0
2026-06-03 20:30:28.720000,DLQ,0.0,0.0
2026-06-03 20:30:28.800000,DLQ,0.0,0.0
2026-06-03 20:30:28.880000,DLQ,0.0,0.0
2026-06-03 20:30:28.960000,DLQ,0.0,0.0
2026-06-03 20:30:29.040000,DLQ,0.0,0.0
2026-06-03 20:30:29.120000,DLQ,0.0,0.0
2026-06-03 20:30:29.200000,DLQ,0.0,0.0
2026-06-03 20:30:29.280000,DLQ,0.0,0.0
2026-06-03 20:30:29.360000,DLQ,0.0,0.0
2026-06-03 20:30:29.440000,DLQ,0.0,0.0
2026-06-03 20:30:29.520000,DLQ,0.0,0.0
2026-06-03 20:30:29.600000,DLQ,0.0,0.0
2026-06-03 20:30:29.680000,DLQ,0.0,0.0
2026-06-03 20:30:29.760000,DLQ,0.0,0.0
2026-06-03 20:30:29.840000,DLQ,0.0,0.0
2026-06-03 20:30:29.920000,DLQ,0.0,0.0
2026-06-03 20:30:30.000000,DLQ,0.0,0.0
2026-06-03 20:30:30.080000,DLQ,0.0,0.0
2026-06-03 20:30:30.160000,DLQ,0.0,0.0
2026-06-03 20:30:30.240000,DLQ,0.0,0.0
2026-06-03 20:30:30.320000,DLQ,0.0,0.0
2026-06-03 20:30:30.400000,DLQ,0.0,0.0
2026-06-03 20:30:30.480000,DLQ,0.0,0.0
2026-06-03 20:30:30.560000,DLQ,0.0,0.0
2026-06-03 20:30:30.640000,DLQ,0.0,0.0
2026-06-03 20:30:30.720000,DLQ,0.0,0.0
2026-06-03 20:30:30.800000,DLQ,0.0,0.0
2026-06-03 20:30:30.880000,DLQ,0.0,0.0
2026-06-03 20:30:30.960000,DLQ,0.0,0.0
2026-06-03 20:30:31.040000,DLQ,0.0,0.0
2026-06-03 20:30:31.120000,DLQ,0.0,0.0
2026-06-03 20:30:31.200000,DLQ,0.0,0.0
2026-06-03 20:30:31.280000,DLQ,0.0,0.0
2026-06-03 20:30:31.360000,DLQ,0.0,0.0
2026-06-03 20:30:31.440000,DLQ,0.0,0.0
2026-06-03 20:30:31.520000,DLQ,0.0,0.0
2026-06-03 20:30:31.600000,DLQ,0.0,0.0
2026-06-03 20:30:31.680000,DLQ,0.0,0.0
2026-06-03 20:30:31.760000,DLQ,0.0,0.0
2026-06-03 20:30:31.840000,DLQ,0.0,0.0
2026-06-03 20:30:31.920000,DLQ,0.0,0.0
2026-06-03 20:30:32.000000,DLQ,0.0,0.0
2026-06-03 20:30:32.080000,HIT,4.522740008942947,37.1420370393997
2026-06-03 20:30:32.160000,HIT,5.64486105342111,36.90007633317443
2026-06-03 20:30:32.240000,HIT,5.019018724509019,15.502097173185758
2026-06-03 20:30:32.320000,HIT,3.4579249985275853,40.91868466006398
2026-06-03 20:30:32.400000,HIT,4.67792520584002,20.93327381249045
2026-06-03 20:30:32.480000,HIT,4.586434795582391,20.838781247431584
2026-06-03 20:30:32.560000,HIT,4.001400080496956,27.519202928153547
2026-06-03 20:30:32.640000,HIT,5.131850361023642,26.238403661546876
2026-06-03 20:30:32.720000,HIT,3.9773247116356725,48.2450407258223
2026-06-03 20:30:32.800000,HIT,3.4517171754709857,20.826573134926974
2026-06-03 20:30:32.880000,HIT,3.9104319263428433,21.371923249241807
2026-06-03 20:30:32.960000,HIT,5.5867607416785585,48.89032090193424
2026-06-03 20:30:33.040000,HIT,4.896653394296472,29.40225904834117
2026-06-03 20:30:33.120000,HIT,4.968687515943433,33.206449270330154
2026-06-03 20:30:33.200000,HIT,4.518633345963986,13.127667898188516
2026-06-03 20:30:33.280000,HIT,5.550140300174528,15.907012664805716
2026-06-03 20:30:33.360000,HIT,3.705860158551589,34.82246880012697
2026-06-03 20:30:33.440000,HIT,5.374673201651889,42.549241727746036
2026-06-03 20:30:33.520000,HIT,4.624962899307265,42.20762235101378
2026-06-03 20:30:33.600000,HIT,5.543318621488243,18.072629682717412
2026-06-03 20:30:33.680000,HIT,4.79634497030905,48.15870091143828
2026-06-03 20:30:33.760000,HIT,4.6626259224571704,36.926377909788386
2026-06-03 20:30:33.840000,HIT,4.815239126294438,30.24707458876389
2026-06-03 20:30:33.920000,HIT,4.617862922781471,44.557717694004936
2026-06-03 20:30:34.000000,HIT,4.97501730410832,26.02550909304181
2026-06-03 20:30:34.080000,HIT,3.416382663553307,32.78670748684746
2026-06-03 20:30:34.160000,HIT,4.766126039512932,35.32539554487683
2026-06-03 20:30:34.240000,HIT,5.746974626600787,32.30860768650038
2026-06-03 20:30:34.320000,HIT,4.128555612733453,49.73561704894817
2026-06-03 20:30:34.400000,HIT,5.531200321969038,41.56007400400846
2026-06-03 20:30:34.480000,HIT,3.1718560450320785,18.571116080047037
2026-06-03 20:30:34.560000,HIT,4.273715483586178,45.225282397932865
2026-06-03 20:30:34.640000,HIT,3.8826842229303793,46.938136807833516
2026-06-03 20:30:34.720000,HIT,5.893995730815796,35.84253106017637
2026-06-03 20:30:34.800000,HIT,4.19418637616131,30.38978139423844
2026-06-03 20:30:34.880000,HIT,4.001865085638526,24.678040349944204
2026-06-03 20:30:34.960000,HIT,3.908107642465527,37.107132797421265
2026-06-03 20:30:35.040000,HIT,3.999205300419189,35.388921354157894
2026-06-03 20:30:35.120000,HIT,5.586567262550007,28.87281274213801
2026-06-03 20:30:35.200000,HIT,4.256418659925838,48.151801058981015
2026-06-03 20:30:35.280000,HIT,5.367225084537248,28.6163801672032
2026-06-03 20:30:35.360000,HIT,5.662430663396401,43.949059527537386
2026-06-03 20:30:35.440000,HIT,5.318684510009789,27.96460996575888
2026-06-03 20:30:35.520000,HIT,3.341298114249401,31.002150424567713
2026-06-03 20:30:35.600000,HIT,3.7958973270776806,41.408173507973615
2026-06-03 20:30:35.680000,HIT,5.230819016544902,37.42549951404355
2026-06-03 20:30:35.760000,HIT,5.014967555208083,47.55580197673335
2026-06-03 20:30:35.840000,HIT,3.943824239256266,35.94443038992857
2026-06-03 20:30:35.920000,HIT,3.635970044591224,48.469201696916016
2026-06-03 20:30:36.000000,HIT,4.720546910348617,33.15873083681297
2026-06-03 20:30:36.080000,HIT,4.397701392571581,37.76602099524095
2026-06-03 20:30:36.160000,HIT,5.073886159643288,23.84694828288362
2026-06-03 20:30:36.240000,HIT,4.5262172342583735,23.22696538952457
2026-06-03 20:30:36.320000,HIT,4.321212111931041,27.8778887901464
2026-06-03 20:30:36.400000,HIT,5.675653490925702,45.61592812390141
2026-06-03 20:30:36.480000,HIT,5.024046258929103,14.082391155947803
2026-06-03 20:30:36.560000,HIT,3.2632098973546286,47.28702549949005
2026-06-03 20:30:36.640000,HIT,5.676671137014219,45.12225777513619
2026-06-03 20:30:36.720000,HIT,4.477946223351766,23.35267660732875
2026-06-03 20:30:36.800000,HIT,3.4687839525616577,30.99729820457663
2026-06-03 20:30:36.880000,HIT,3.498116688046031,47.01953564447439
2026-06-03 20:30:36.960000,HIT,5.298871036071738,48.33352253303287
2026-06-03 20:30:37.040000,HIT,3.630356934103027,22.23256644683511
2026-06-03 20:30:37.120000,HIT,3.0777821295720162,32.748565736837584
2026-06-03 20:30:37.200000,HIT,4.5317881109291696,34.744754125611365
2026-06-03 20:30:37.280000,HIT,5.152856937194515,41.73142037150373
2026-06-03 20:30:37.360000,HIT,3.649398893824343,49.26222944556946
2026-06-03 20:30:37.440000,HIT,4.392132528282717,34.801233877315454
2026-06-03 20:30:37.520000,HIT,5.089094834032274,24.586360050594923
2026-06-03 20:30:37.600000,HIT,3.5924285364770596,36.93034781080744
2026-06-03 20:30:37.680000,HIT,3.5868236195935377,37.14159871548679
2026-06-03 20:30:37.760000,HIT,4.484438109543207,38.863342628407196
2026-06-03 20:30:37.840000,HIT,3.8234013438767143,45.66737127877135
2026-06-03 20:30:37.920000,HIT,4.602177082684394,23.389627149115995
2026-06-03 20:30:38.000000,HIT,3.204682178015493,23.034816279028462
2026-06-03 20:30:38.080000,HIT,3.8083588255202185,25.046642221688977
2026-06-03 20:30:38.160000,HIT,4.5688883307704184,13.174536262159634
2026-06-03 20:30:38.240000,HIT,3.237531556741295,29.39855992423809
2026-06-03 20:30:38.320000,HIT,3.9934137728547823,19.36557540099029
2026-06-03 20:30:38.400000,HIT,4.248164325706526,39.654657695851434
2026-06-03 20:30:38.480000,HIT,3.561246045037178,16.775741007691384
2026-06-03 20:30:38.560000,HIT,3.6779564022940683,38.08491674716353
2026-06-03 20:30:38.640000,HIT,3.8617506734097224,28.923392112953763
2026-06-03 20:30:38.720000,HIT,3.8194208144765227,21.856721662671706
2026-06-03 20:30:38.800000,HIT,5.439693827427325,44.14900946797894
2026-06-03 20:30:38.880000,HIT,5.271586340804626,28.51943046767209
2026-06-03 20:30:38.960000,HIT,5.167691312237392,17.55654432675059
2026-06-03 20:30:39.040000,HIT,5.0875725554113576,46.490736441921854
2026-06-03 20:30:39.120000,HIT,3.3441494903052096,48.40478664631018
2026-06-03 20:30:39.200000,HIT,4.413480959467383,23.154975360068338
2026-06-03 20:30:39.280000,HIT,4.226263483372058,35.83062449842511
2026-06-03 20:30:39.360000,HIT,4.3285814584772435,34.57449233006384
2026-06-03 20:30:39.440000,HIT,3.6567874640682203,23.050762458730457
2026-06-03 20:30:39.520000,HIT,5.456365337321196,33.249094835110114
2026-06-03 20:30:39.600000,HIT,5.784491510944686,36.66290520222814
2026-06-03 20:30:39.680000,HIT,4.78786148986124,44.48982709400092
2026-06-03 20:30:39.760000,HIT,3.5279592579513195,45.661973975727975
2026-06-03 20:30:39.840000,HIT,5.728579833677734,36.703099358574605
2026-06-03 20:30:39.920000,HIT,3.96174087867628,26.29634012865296
